USE HotelReservationSchema;

INSERT INTO Type (size, StandardOccupancy, MaxOccupancy, Price, AdditionalPersonFee)
VALUES ('Single', 2, 2, '149.99', '0.0'),
('Double', 2, 4, '174.99', '10.00'),
('Suite', 3, 8, '399.99', '20.00');


INSERT INTO Amenities (Amenity, AdditionalCharge)
VALUES( 'Microwave', '0.00'),
('Refrigerator', '0.00'),
('Jacuzzi', '25.00'),
('Oven', '0.00');

INSERT INTO Guest (FirstName, LastName, Address, City, State, ZipCode, Phone)
VALUES('Chelsea', 'Miller', '205 van buren st', 'Brooklyn', 'NY', '11221', '\(661\) 733-3441'),
('Mack', 'Simmer',
'379 Old Shore Street',
'Council Bluffs',
'IA',
'51501',
'\(291\) 553-0508'),
('Bettyann', 'Seery',
'750 Wintergreen Dr.',
'Wasilla',
'AK',
'99654',
'\(478\) 277-9632'),
('Duane', 'Cullison',
'9662 Foxrun Lane',
'Harlingen',
'TX',
'78552',
'\(308\) 494-0198'),
('Karie', 'Yang',
'9378 W. Augusta Ave.',
'West Deptford',
'NJ',
'08096',
'\(214\) 730-0298'),
('Aurore', 'Lipton',
'762 Wild Rose Street',
'Saginaw',
'MI',
'48601',
'\(377\) 507-0974'),
('Zachery', 'Luechtefeld',
'7 Poplar Dr.',
'Arvada',
'CO',
'80003',
'\(814\) 485-2615'),
('Jeremiah', 'Pendergrass',
'70 Oakwood St.',
'Zion',
'IL',
'60099',
'\(279\) 491-0960'),
('Walter', 'Holaway',
'7556 Arrowhead St.',
'Cumberland',
'RI',
'02864',
'\(446\) 396-6785'),
('Wilfred', 'Vise',
'77 West Surrey Street',
'Oswego',
'NY',
'13126',
'\(834\) 727-1001'),
('Maritza', 'Tilton',
'939 Linda Rd.',
'Burke',
'VA',
'22015',
'\(446\) 351-6860'),
('Joleen', 'Tison',
'87 Queen St.',
'Drexel Hill',
'PA',
'19026',
'\(231\) 893-2755');

INSERT INTO Room (RoomNumber, Type_size, ADAAccessible)
VALUES(201, 'Double', 0),
(202, 'Double', 1),
(203, 'Double', 0),
(204, 'Double', 1),
(205, 'Single', 0),
(206, 'Single', 1),
(207, 'Single', 0),
(208, 'Single', 1),
(301, 'Double', 0),
(302, 'Double', 1),
(303, 'Double', 0),
(304, 'Double', 1),
(305, 'Single', 0),
(306, 'Single', 1),
(307, 'Single', 0),
(308, 'Single', 1),
(401, 'Suite', 1),
(402, 'Suite', 1);

INSERT INTO RoomAmenities (Room_RoomNumber, Amenities_idAmenity)
VALUES(201, 1),
(201, 3),
(202, 2),
(203, 1),
(203, 3),
(204, 2),
(205, 1),
(205, 3),
(205, 2),
(206, 2),
(206, 1),
(207, 1),
(207, 3),
(207, 2),
(208, 2),
(208, 1),
(301, 1),
(301, 3),
(302, 2),
(303, 1),
(303, 3),
(304, 2),
(305, 1),
(305, 3),
(305, 2),
(306, 2),
(306, 1),
(307, 1),
(307, 3),
(307, 2),
(308, 2),
(308, 1),
(401, 4),
(401, 2),
(401, 1),
(402, 4),
(402, 2),
(402, 1);



INSERT INTO Reservations (Guest_idGuest, Room_RoomNumber, Adults, Children, StartDate, EndDate, TotalRoomCost)
VALUES(2, 308, 1, 0, '2023-02-02', '2023-02-04','299.98'),
(3, 203, 2, 1, '2023-02-05', '2023-02-10','999.95'),
(4, 305, 2, 0, '2023-02-23', '2023-02-24','349.98'),
(5, 201, 2, 2, '2023-03-06', '2023-03-07','199.99'),
(1, 307, 1, 1, '2023-03-17', '2023-03-20','524.97'),
(6, 302, 3, 0, '2023-03-18', '2023-03-23','924.95'),
(7, 202, 2, 2, '2023-03-29', '2023-03-31','349.98'),
(8, 304, 2, 0, '2023-03-31', '2023-04-13','874.95'),
(9, 301, 1, 0, '2023-04-09', '2023-04-13','799.96'),
(10, 207, 1, 1, '2023-04-23', '2023-04-24','174.99'),
(11, 401, 2, 4, '2023-05-30', '2023-06-02','1199.97'),
(12, 206, 2, 0, '2023-06-10', '2023-06-14','599.96'),
(12, 208, 1, 0, '2023-06-10', '2023-06-14','599.96'),
(6, 304, 3, 0, '2023-06-17', '2023-06-18','184.99'),
(1, 205, 2, 0, '2023-06-28', '2023-07-02','699.96'),
(9, 204, 3, 1, '2023-07-13', '2023-07-14','184.99'),
(10, 401, 4, 2, '2023-07-18', '2023-07-21','1259.97'),
(3, 303, 2, 1, '2023-07-28', '2023-07-29','199.99'),
(3, 305, 1, 0, '2023-08-30', '2023-09-01','349.98'),
(2, 208, 2, 0, '2023-09-16', '2023-09-17','149.99'),
(5, 203, 2, 2, '2023-09-13', '2023-09-15','399.98'),
(4, 401, 2, 2, '2023-11-22', '2023-11-25','1199.97'),
(2, 206, 2, 0, '2023-11-22', '2023-11-25','449.97'), 
(2, 301, 2, 2, '2023-11-22', '2023-11-25','599.97'), 
(11, 302, 2, 0, '2023-12-24', '2023-12-28','699.96');




DELETE FROM Reservations
WHERE Guest_idGuest = 8;

DELETE FROM Guest
WHERE idGuest = 8;


